{"cameraMode":{"drawMode":0,"name":"Shaded","section":"Shading Mode"},"sceneLighting":true,"audioPlay":false,"sceneViewState":{"m_AlwaysRefresh":false,"showFog":true,"showSkybox":true,"showFlares":true,"showImageEffects":true,"showParticleSystems":true,"showVisualEffectGraphs":true,"m_FxEnabled":true},"in2DMode":false,"pivot":{"x":-0.37385061383247378,"y":5.81532621383667,"z":4.244600772857666},"rotation":{"x":0.008674172684550286,"y":0.9104339480400086,"z":-0.4131438732147217,"w":0.019133206456899644},"size":1.287670373916626,"orthographic":false}